source,title,url,content
Motley Fool,"1 Wall Street Analyst Thinks Super Micro Computer Stock Is Going to $1,040. Is It a Buy?",https://finance.yahoo.com/news/1-wall-street-analyst-thinks-173000319.html,Supermicro is proving Nvidia isn't the only artificial intelligence stock where investors can make money.
Motley Fool,The S&P 500 Just Did Something It Has Never Done Before. Wall Street Says the Stock Market Will Move Higher This Year.,https://finance.yahoo.com/news/p-500-just-did-something-171500964.html,"The S&P 500 recently surpassed 5,000 points for the first time in history, but Wall Street analysts see more upside this year."
Motley Fool,Is This 1 Thing the Biggest Risk for Uber Stock?,https://finance.yahoo.com/news/1-thing-biggest-risk-uber-170700701.html,"Despite the company's strong momentum, investors can't ignore the downside."
Bloomberg,Wall Street’s Moelis Bet Big on the Middle East. Now He’s Cashing In,https://finance.yahoo.com/news/wall-street-moelis-bet-big-170013738.html,"(Bloomberg) -- In a low-key second-floor office in the heart of Dubai’s bustling financial center, bankers working for Moelis & Co. are busier than ever — so much so that the firm has had to tear down walls to add desks for its expansion drive. Most Read from BloombergTrump Keeps NY Empire Intact as Judge Rescinds Asset-Sale OrderRecord US Stock Rally Is Under Threat From a World in TurmoilSystemic Risk Concerns Grow Among Money Managers as Real Estate Woes Cause TurmoilTop Investors Share the T"
Motley Fool,"Nvidia Just Bought This Under-the-Radar Artificial Intelligence (AI) Stock. Should You Buy It, Too?",https://finance.yahoo.com/news/nvidia-just-bought-under-radar-164000543.html,Nvidia is spreading some of its enormous wealth across other areas of the artificial intelligence (AI) industry.
Motley Fool,Warren Buffett-Led Berkshire Hathaway Sells Some Apple Stock. Should You?,https://finance.yahoo.com/news/warren-buffett-led-berkshire-hathaway-163000891.html,"Buffett loves Apple's relentless stock buybacks, and so should you."
Motley Fool,3 Millionaire-Maker Technology Stocks,https://finance.yahoo.com/news/3-millionaire-maker-technology-stocks-162300929.html,"Snowflake, DigitalOcean, and Wolfspeed could be multibaggers for long-term investors."
Motley Fool,1 Stock and 2 Funds That Could Create Lasting Generational Wealth,https://finance.yahoo.com/news/1-stock-2-funds-could-160600334.html,A diversified investment strategy with long-term growth potential... in three tickers.
Motley Fool,Is Roku the Best Streaming Stock to Buy Right Now?,https://finance.yahoo.com/news/roku-best-streaming-stock-buy-152000617.html,Investors have their eyes on Roku stock after the latest earnings report.
Motley Fool,"2 Best ""Magnificent Seven"" Stocks to Buy in February",https://finance.yahoo.com/news/2-best-magnificent-seven-stocks-151100710.html,These best-of-breed companies offer near-term growth catalysts and remain attractively valued.
